[
  {
    "timestamp": "2025-09-15T20:11:10.479836",
    "user_id": null,
    "user_name": "Unknown",
    "success": false,
    "confidence": 0.5964111538192982,
    "ip_address": "172.31.116.34"
  },
  {
    "timestamp": "2025-09-15T20:11:33.773470",
    "user_id": 1,
    "user_name": "John Doe",
    "success": true,
    "confidence": 0.7501459894513944,
    "ip_address": "172.31.116.34"
  },
  {
    "timestamp": "2025-09-15T20:13:45.661485",
    "user_id": null,
    "user_name": "Unknown",
    "success": false,
    "confidence": 0.6987437201437574,
    "ip_address": "172.31.116.34"
  },
  {
    "timestamp": "2025-09-15T20:17:13.443863",
    "user_id": 2,
    "user_name": "Jane Smith",
    "success": true,
    "confidence": 0.7270013751962762,
    "ip_address": "172.31.116.34"
  },
  {
    "timestamp": "2025-09-15T20:31:33.084846",
    "user_id": 1,
    "user_name": "Adriana Lima",
    "success": true,
    "confidence": 0.7264850927906163,
    "ip_address": "unknown",
    "message": "Recognized as Adriana Lima"
  },
  {
    "timestamp": "2025-09-15T20:33:28.652855",
    "user_id": 1,
    "user_name": "Adriana Lima",
    "success": true,
    "confidence": 0.6819414319940154,
    "ip_address": "172.31.116.34",
    "message": "Recognized as Adriana Lima"
  },
  {
    "timestamp": "2025-09-15T20:35:26.888901",
    "user_id": null,
    "user_name": "Unknown",
    "success": false,
    "confidence": 0.312794309987778,
    "ip_address": "172.31.116.34",
    "message": "Face not recognized (best match: Adriana Lima)"
  }
]